seqName;clade;Nextclade_pango;partiallyAliased;clade_nextstrain;clade_who;clade_legacy;qc.overallScore;qc.overallStatus;totalSubstitutions;totalDeletions;totalInsertions;totalFrameShifts;totalAminoacidSubstitutions;totalAminoacidDeletions;totalAminoacidInsertions;totalMissing;totalNonACGTNs;totalPcrPrimerChanges;substitutions;deletions;insertions;privateNucMutations.reversionSubstitutions;privateNucMutations.labeledSubstitutions;privateNucMutations.unlabeledSubstitutions;privateNucMutations.totalReversionSubstitutions;privateNucMutations.totalLabeledSubstitutions;privateNucMutations.totalUnlabeledSubstitutions;privateNucMutations.totalPrivateSubstitutions;frameShifts;aaSubstitutions;aaDeletions;aaInsertions;missing;nonACGTNs;pcrPrimerChanges;alignmentScore;alignmentStart;alignmentEnd;coverage;qc.missingData.missingDataThreshold;qc.missingData.score;qc.missingData.status;qc.missingData.totalMissing;qc.mixedSites.mixedSitesThreshold;qc.mixedSites.score;qc.mixedSites.status;qc.mixedSites.totalMixedSites;qc.privateMutations.cutoff;qc.privateMutations.excess;qc.privateMutations.score;qc.privateMutations.status;qc.privateMutations.total;qc.snpClusters.clusteredSNPs;qc.snpClusters.score;qc.snpClusters.status;qc.snpClusters.totalSNPs;qc.frameShifts.frameShifts;qc.frameShifts.totalFrameShifts;qc.frameShifts.frameShiftsIgnored;qc.frameShifts.totalFrameShiftsIgnored;qc.frameShifts.score;qc.frameShifts.status;qc.stopCodons.stopCodons;qc.stopCodons.totalStopCodons;qc.stopCodons.score;qc.stopCodons.status;isReverseComplement;failedGenes;warnings;errors
22COV-RDC-781/ARTIC/medaka MN908947.3;22A (Omicron);BA.4.1;BA.4.1;22A;Omicron;22A (Omicron);30.376763;mediocre;69;42;0;0;53;17;0;1771;0;7;C241T,T670G,C2790T,C3037T,G4184A,C9344T,A9424G,C9534T,C10029T,G10447A,C10449A,G12160A,C12880T,C14408T,C15714T,C15738T,C17410T,A18163G,C19955T,A20055G,T21570G,C21618T,G21987A,T22200G,G22578A,C22674T,T22679C,C22686T,A22688G,G22775A,A22786C,G22813T,T22882G,T22917G,G22992A,C22995A,A23013C,T23018G,A23055G,A23063T,T23075C,A23403G,C23525T,T23599G,C23604A,C23854A,G23948T,A24424T,T24469A,C25000T,C25584T,C26060T,C26270T,C26577G,G26709A,C26858T,A27259C,G27382C,A27383T,T27384C,G27788T,C27807T,A28271T,C28311T,C28724T,G28881A,G28882A,G28883C,A29510C;686-694,11288-11296,21633-21641,21765-21770,28362-28370;;T4321C;C15738T|22F;;1;1;0;2;;E:T9I,M:Q19E,M:A63T,N:P13L,N:P151S,N:R203K,N:G204R,N:S413R,ORF1a:S135R,ORF1a:T842I,ORF1a:G1307S,ORF1a:L3027F,ORF1a:T3090I,ORF1a:T3255I,ORF1a:P3395H,ORF1b:P314L,ORF1b:R1315C,ORF1b:I1566V,ORF1b:T2163I,ORF3a:T223I,ORF6:D61L,ORF7b:L11F,ORF9b:P10S,S:V3G,S:T19I,S:A27S,S:G142D,S:V213G,S:G339D,S:S371F,S:S373P,S:S375F,S:T376A,S:D405N,S:R408S,S:K417N,S:N440K,S:L452R,S:S477N,S:T478K,S:E484A,S:F486V,S:Q498R,S:N501Y,S:Y505H,S:D614G,S:H655Y,S:N679K,S:P681H,S:N764K,S:D796Y,S:Q954H,S:N969K;N:E31-,N:R32-,N:S33-,ORF1a:K141-,ORF1a:S142-,ORF1a:F143-,ORF1a:S3675-,ORF1a:G3676-,ORF1a:F3677-,ORF9b:E27-,ORF9b:N28-,ORF9b:A29-,S:L24-,S:P25-,S:P26-,S:H69-,S:V70-;;1-67,761-1128,3123-3166,4241-4310,10190-10370,20677-21562,27873-27892,29769-29903;;"Charité_E_F:C26270T,Charité_N_F:C28724T,ChinaCDC_N_F:G28881A;G28882A;G28883C,USCDC_N1_P:C28311T,USCDC_N3_P:C28724T";89270;0;29903;0.9407751730595592;3000;54.481481;mediocre;1771;10;0;good;0;24;2;8.333333;good;10;;0;good;0;;0;;0;0;good;;0;0;good;false;;;
22COV-RDC-782/ARTIC/medaka MN908947.3;21L (Omicron);BA.2;BA.2;21L;Omicron;21L (Omicron);36.133457;mediocre;69;18;0;0;50;6;0;1923;0;4;C241T,T670G,A1573G,C2037T,C2445T,C2790T,C3037T,G4184A,C4321T,C9344T,A9424G,C9534T,C9866T,C10029T,C10198T,G10447A,C10449A,C12880T,C14408T,C15714T,C17410T,A18163G,C19955T,A20055G,C21618T,G21987A,T22200G,G22578A,C22674T,T22679C,C22686T,A22688G,G22775A,A22786C,G22813T,T22882G,G22992A,C22995A,A23013C,A23040G,A23055G,A23063T,T23075C,A23403G,C23525T,T23599G,C23604A,C23854A,G23948T,A24424T,T24469A,C25000T,C25416T,C25584T,C26060T,C26270T,C26577G,G26709A,C26858T,A27259C,G27382C,A27383T,T27384C,C27807T,G28798A,G28881A,G28882A,G28883C,A29510C;11288-11296,21633-21641;;;;A1573G,C2037T,C2445T,G28798A;0;0;4;4;;E:T9I,M:Q19E,M:A63T,N:R203K,N:G204R,N:S413R,ORF1a:S135R,ORF1a:A591V,ORF1a:T727I,ORF1a:T842I,ORF1a:G1307S,ORF1a:L3027F,ORF1a:T3090I,ORF1a:L3201F,ORF1a:T3255I,ORF1a:P3395H,ORF1b:P314L,ORF1b:R1315C,ORF1b:I1566V,ORF1b:T2163I,ORF3a:T223I,ORF6:D61L,S:T19I,S:A27S,S:G142D,S:V213G,S:G339D,S:S371F,S:S373P,S:S375F,S:T376A,S:D405N,S:R408S,S:K417N,S:N440K,S:S477N,S:T478K,S:E484A,S:Q493R,S:Q498R,S:N501Y,S:Y505H,S:D614G,S:H655Y,S:N679K,S:P681H,S:N764K,S:D796Y,S:Q954H,S:N969K;ORF1a:S3675-,ORF1a:G3676-,ORF1a:F3677-,S:L24-,S:P25-,S:P26-;;1-54,1108-1128,20677-21562,27873-28699,29769-29903;;"Charité_E_F:C26270T,ChinaCDC_N_F:G28881A;G28882A;G28883C";89364;0;29903;0.9356920710296626;3000;60.111111;mediocre;1923;10;0;good;0;24;-4;0;good;4;;0;good;0;;0;;0;0;good;;0;0;good;false;;;
22COV-RDC-806/ARTIC/medaka MN908947.3;22A (Omicron);BA.4.1;BA.4.1;22A;Omicron;22A (Omicron);36.401111;mediocre;71;33;0;0;54;11;0;1929;0;6;C241T,T670G,C2790T,C3037T,G4184A,C4321T,G6759A,C9344T,A9424G,C9534T,C10029T,C10198T,G10447A,C10449A,G12160A,C12880T,C14408T,C15714T,G16861A,C17410T,A18163G,C19955T,A20055G,T21570G,C21618T,G21987A,T22200G,G22578A,C22674T,T22679C,C22686T,A22688G,G22775A,A22786C,G22813T,T22882G,T22917G,G22992A,C22995A,A23013C,T23018G,A23055G,A23063T,T23075C,A23403G,C23525T,T23599G,C23604A,C23854A,G23948T,A24424T,T24469A,C25000T,C25584T,C26060T,C26270T,C26577G,G26709A,C26858T,A27259C,G27382C,A27383T,T27384C,G27788T,C27807T,C28724T,C28791T,G28881A,G28882A,G28883C,A29510C;686-694,11288-11296,21633-21641,21765-21770;;;;G6759A,G16861A,C28791T;0;0;3;3;;E:T9I,M:Q19E,M:A63T,N:P151S,N:A173V,N:R203K,N:G204R,N:S413R,ORF1a:S135R,ORF1a:T842I,ORF1a:G1307S,ORF1a:C2165Y,ORF1a:L3027F,ORF1a:T3090I,ORF1a:T3255I,ORF1a:P3395H,ORF1b:P314L,ORF1b:V1132I,ORF1b:R1315C,ORF1b:I1566V,ORF1b:T2163I,ORF3a:T223I,ORF6:D61L,ORF7b:L11F,S:V3G,S:T19I,S:A27S,S:G142D,S:V213G,S:G339D,S:S371F,S:S373P,S:S375F,S:T376A,S:D405N,S:R408S,S:K417N,S:N440K,S:L452R,S:S477N,S:T478K,S:E484A,S:F486V,S:Q498R,S:N501Y,S:Y505H,S:D614G,S:H655Y,S:N679K,S:P681H,S:N764K,S:D796Y,S:Q954H,S:N969K;ORF1a:K141-,ORF1a:S142-,ORF1a:F143-,ORF1a:S3675-,ORF1a:G3676-,ORF1a:F3677-,S:L24-,S:P25-,S:P26-,S:H69-,S:V70-;;1-54,20677-21562,27873-28699,29733-29759,29769-29903;;"Charité_E_F:C26270T,Charité_N_F:C28724T,ChinaCDC_N_F:G28881A;G28882A;G28883C,USCDC_N3_P:C28724T";89296;0;29903;0.9354914222653246;3000;60.333333;mediocre;1929;10;0;good;0;24;-5;0;good;3;;0;good;0;;0;;0;0;good;;0;0;good;false;;;
22COV-RDC-818/ARTIC/medaka MN908947.3;22A (Omicron);BA.4;BA.4;22A;Omicron;22A (Omicron);29.040123;good;69;42;0;0;51;17;0;1755;0;8;C241T,T670G,C2790T,C3037T,G4184A,C9344T,A9424G,C9534T,C10029T,C10198T,G10447A,C10449A,G12160A,C12880T,C14408T,C15714T,C17410T,A18163G,T19350C,C19955T,A20055G,C21618T,G21987A,T22200G,G22578A,C22674T,T22679C,C22686T,A22688G,G22775A,A22786C,G22813T,T22882G,T22917G,G22992A,C22995A,A23013C,T23018G,A23055G,A23063T,T23075C,A23403G,C23525T,C23854A,G23948T,A24424T,T24469A,C25000T,C25584T,C26060T,C26270T,C26577G,G26709A,C26858T,A27259C,G27382C,A27383T,T27384C,G27788T,C27807T,A28271T,C28311T,C28724T,G28881A,G28882A,G28883C,G28884T,G28916A,A29510C;686-694,11288-11296,21633-21641,21765-21770,28362-28370;;;;T19350C,G28884T,G28916A;0;0;3;3;;E:T9I,M:Q19E,M:A63T,N:P13L,N:P151S,N:R203K,N:G204L,N:G215S,N:S413R,ORF1a:S135R,ORF1a:T842I,ORF1a:G1307S,ORF1a:L3027F,ORF1a:T3090I,ORF1a:T3255I,ORF1a:P3395H,ORF1b:P314L,ORF1b:R1315C,ORF1b:I1566V,ORF1b:T2163I,ORF3a:T223I,ORF6:D61L,ORF7b:L11F,ORF9b:P10S,S:T19I,S:A27S,S:G142D,S:V213G,S:G339D,S:S371F,S:S373P,S:S375F,S:T376A,S:D405N,S:R408S,S:K417N,S:N440K,S:L452R,S:S477N,S:T478K,S:E484A,S:F486V,S:Q498R,S:N501Y,S:Y505H,S:D614G,S:H655Y,S:N764K,S:D796Y,S:Q954H,S:N969K;N:E31-,N:R32-,N:S33-,ORF1a:K141-,ORF1a:S142-,ORF1a:F143-,ORF1a:S3675-,ORF1a:G3676-,ORF1a:F3677-,ORF9b:E27-,ORF9b:N28-,ORF9b:A29-,S:L24-,S:P25-,S:P26-,S:H69-,S:V70-;;1-54,771-1128,4241-4326,10261-10370,20677-21571,22532-22537,23599,23604,23610-23631,27873-27959,29769-29903;;"Charité_E_F:C26270T,Charité_N_F:C28724T,ChinaCDC_N_F:G28881A;G28882A;G28883C;G28884T,USCDC_N1_P:C28311T,USCDC_N3_P:C28724T";89270;0;29903;0.9413102364311272;3000;53.888889;mediocre;1755;10;0;good;0;24;-5;0;good;3;;0;good;0;;0;;0;0;good;;0;0;good;false;;;
22COV-RDC-903/ARTIC/medaka MN908947.3;22A (Omicron);BA.4.1;BA.4.1;22A;Omicron;22A (Omicron);24.778272;good;68;33;0;0;51;11;0;1644;0;6;C241T,T670G,C2790T,C3037T,G4184A,C4321T,C9344T,A9424G,C9534T,C10029T,C10198T,G10447A,C10449A,G12160A,C12880T,C14408T,C15714T,C17410T,A18163G,C19955T,A20055G,T21570G,C21618T,G21987A,T22200G,G22578A,C22674T,T22679C,C22686T,A22688G,G22775A,A22786C,G22813T,T22882G,T22917G,G22992A,C22995A,A23013C,T23018G,A23055G,A23063T,T23075C,A23403G,C23525T,T23599G,C23604A,C23854A,G23948T,A24424T,T24469A,C25000T,C25584T,C26060T,C26270T,C26577G,G26709A,C26858T,A27259C,G27382C,A27383T,T27384C,G27788T,C27807T,C28724T,G28881A,G28882A,G28883C,A29510C;686-694,11288-11296,21633-21641,21765-21770;;;;;0;0;0;0;;E:T9I,M:Q19E,M:A63T,N:P151S,N:R203K,N:G204R,N:S413R,ORF1a:S135R,ORF1a:T842I,ORF1a:G1307S,ORF1a:L3027F,ORF1a:T3090I,ORF1a:T3255I,ORF1a:P3395H,ORF1b:P314L,ORF1b:R1315C,ORF1b:I1566V,ORF1b:T2163I,ORF3a:T223I,ORF6:D61L,ORF7b:L11F,S:V3G,S:T19I,S:A27S,S:G142D,S:V213G,S:G339D,S:S371F,S:S373P,S:S375F,S:T376A,S:D405N,S:R408S,S:K417N,S:N440K,S:L452R,S:S477N,S:T478K,S:E484A,S:F486V,S:Q498R,S:N501Y,S:Y505H,S:D614G,S:H655Y,S:N679K,S:P681H,S:N764K,S:D796Y,S:Q954H,S:N969K;ORF1a:K141-,ORF1a:S142-,ORF1a:F143-,ORF1a:S3675-,ORF1a:G3676-,ORF1a:F3677-,S:L24-,S:P25-,S:P26-,S:H69-,S:V70-;;1-54,20677-20937,21231-21562,27873-28699,29734-29903;;"Charité_E_F:C26270T,Charité_N_F:C28724T,ChinaCDC_N_F:G28881A;G28882A;G28883C,USCDC_N3_P:C28724T";89308;0;29903;0.9450222385713808;3000;49.777778;mediocre;1644;10;0;good;0;24;-8;0;good;0;;0;good;0;;0;;0;0;good;;0;0;good;false;;;
22COV-RDC-912/ARTIC/medaka MN908947.3;22A (Omicron);BA.4.1;BA.4.1;22A;Omicron;22A (Omicron);21.812359;good;69;33;0;0;51;11;0;1561;0;6;C241T,T670G,C2790T,C3037T,G4184A,C4321T,C9344T,A9424G,C9534T,C10029T,C10198T,G10447A,C10449A,G12160A,C12880T,C14408T,C15714T,C15738T,C17410T,A18163G,C19955T,A20055G,T21570G,C21618T,G21987A,T22200G,G22578A,C22674T,T22679C,C22686T,A22688G,G22775A,A22786C,G22813T,T22882G,T22917G,G22992A,C22995A,A23013C,T23018G,A23055G,A23063T,T23075C,A23403G,C23525T,T23599G,C23604A,C23854A,G23948T,A24424T,T24469A,C25000T,C25584T,C26060T,C26270T,C26577G,G26709A,C26858T,A27259C,G27382C,A27383T,T27384C,G27788T,C27807T,C28724T,G28881A,G28882A,G28883C,A29510C;686-694,11288-11296,21633-21641,21765-21770;;;C15738T|22F;;0;1;0;1;;E:T9I,M:Q19E,M:A63T,N:P151S,N:R203K,N:G204R,N:S413R,ORF1a:S135R,ORF1a:T842I,ORF1a:G1307S,ORF1a:L3027F,ORF1a:T3090I,ORF1a:T3255I,ORF1a:P3395H,ORF1b:P314L,ORF1b:R1315C,ORF1b:I1566V,ORF1b:T2163I,ORF3a:T223I,ORF6:D61L,ORF7b:L11F,S:V3G,S:T19I,S:A27S,S:G142D,S:V213G,S:G339D,S:S371F,S:S373P,S:S375F,S:T376A,S:D405N,S:R408S,S:K417N,S:N440K,S:L452R,S:S477N,S:T478K,S:E484A,S:F486V,S:Q498R,S:N501Y,S:Y505H,S:D614G,S:H655Y,S:N679K,S:P681H,S:N764K,S:D796Y,S:Q954H,S:N969K;ORF1a:K141-,ORF1a:S142-,ORF1a:F143-,ORF1a:S3675-,ORF1a:G3676-,ORF1a:F3677-,S:L24-,S:P25-,S:P26-,S:H69-,S:V70-;;1-54,20677-20843,21220-21562,27873-28699,29734-29903;;"Charité_E_F:C26270T,Charité_N_F:C28724T,ChinaCDC_N_F:G28881A;G28882A;G28883C,USCDC_N3_P:C28724T";89304;0;29903;0.9477978798113902;3000;46.703704;mediocre;1561;10;0;good;0;24;-4;0;good;4;;0;good;0;;0;;0;0;good;;0;0;good;false;;;
22COV-RDC-110;21K (Omicron);BA.1;BA.1;21K;Omicron;21K (Omicron);7.071660;good;53;30;9;0;44;10;1;1018;0;4;C241T,A2832G,C3037T,T5386G,G8393A,C10029T,C10449A,A11537G,T13195C,C14408T,C15240T,A18163G,C21762T,C21846T,G22578A,T22673C,C22674T,T22679C,C22686T,G22813T,T22882G,G22898A,G22992A,C22995A,A23013C,A23040G,G23048A,A23055G,A23063T,T23075C,C23202A,A23403G,C23525T,T23599G,C23604A,C23854A,G23948T,C24130A,A24424T,T24469A,C24503T,C25000T,C25584T,C26270T,A26530G,C26577G,G26709A,A27259C,C27807T,G28881A,G28882A,G28883C,G29554T;6513-6515,11285-11293,21765-21770,21987-21995,22194-22196;22204:GAGCCAGAA;;;G29554T;0;0;1;1;;E:T9I,M:D3G,M:Q19E,M:A63T,N:R203K,N:G204R,ORF1a:K856R,ORF1a:L2084I,ORF1a:A2710T,ORF1a:T3255I,ORF1a:P3395H,ORF1a:I3758V,ORF1b:P314L,ORF1b:I1566V,S:A67V,S:T95I,S:Y145D,S:L212I,S:G339D,S:S371L,S:S373P,S:S375F,S:K417N,S:N440K,S:G446S,S:S477N,S:T478K,S:E484A,S:Q493R,S:G496S,S:Q498R,S:N501Y,S:Y505H,S:T547K,S:D614G,S:H655Y,S:N679K,S:P681H,S:N764K,S:D796Y,S:N856K,S:Q954H,S:N969K,S:L981F;ORF1a:S2083-,ORF1a:L3674-,ORF1a:S3675-,ORF1a:G3676-,S:H69-,S:V70-,S:G142-,S:V143-,S:Y144-,S:N211-;S:214:EPE;1-54,5025,26840,27873-28699,29769-29903;;"Charité_E_F:C26270T,ChinaCDC_N_F:G28881A;G28882A;G28883C";89361;0;29903;0.9659565929839816;3000;26.592593;good;1018;10;0;good;0;24;-7;0;good;1;;0;good;0;;0;;0;0;good;;0;0;good;false;;;
22COV-RDC-208;21K (Omicron);BA.1;BA.1;21K;Omicron;21K (Omicron);7.051975;good;53;30;9;0;44;10;1;1017;0;4;C241T,C1912T,A2832G,C3037T,T5386G,G8393A,C10029T,C10449A,A11537G,T13195C,C14408T,C15240T,A18163G,C21762T,C21846T,G22578A,T22673C,C22674T,T22679C,C22686T,G22813T,T22882G,G22898A,G22992A,C22995A,A23013C,A23040G,G23048A,A23055G,A23063T,T23075C,C23202A,A23403G,C23525T,T23599G,C23604A,C23854A,G23948T,C24130A,A24424T,T24469A,C24503T,C25000T,C25584T,C26270T,A26530G,C26577G,G26709A,A27259C,C27807T,G28881A,G28882A,G28883C;6513-6515,11285-11293,21765-21770,21987-21995,22194-22196;22204:GAGCCAGAA;;;C1912T;0;0;1;1;;E:T9I,M:D3G,M:Q19E,M:A63T,N:R203K,N:G204R,ORF1a:K856R,ORF1a:L2084I,ORF1a:A2710T,ORF1a:T3255I,ORF1a:P3395H,ORF1a:I3758V,ORF1b:P314L,ORF1b:I1566V,S:A67V,S:T95I,S:Y145D,S:L212I,S:G339D,S:S371L,S:S373P,S:S375F,S:K417N,S:N440K,S:G446S,S:S477N,S:T478K,S:E484A,S:Q493R,S:G496S,S:Q498R,S:N501Y,S:Y505H,S:T547K,S:D614G,S:H655Y,S:N679K,S:P681H,S:N764K,S:D796Y,S:N856K,S:Q954H,S:N969K,S:L981F;ORF1a:S2083-,ORF1a:L3674-,ORF1a:S3675-,ORF1a:G3676-,S:H69-,S:V70-,S:G142-,S:V143-,S:Y144-,S:N211-;S:214:EPE;1-54,10186,27873-28699,29769-29903;;"Charité_E_F:C26270T,ChinaCDC_N_F:G28881A;G28882A;G28883C";89361;0;29903;0.9659900344447044;3000;26.555556;good;1017;10;0;good;0;24;-7;0;good;1;;0;good;0;;0;;0;0;good;;0;0;good;false;;;
22COV-RDC-221;21K (Omicron);BA.1;BA.1;21K;Omicron;21K (Omicron);19.003141;good;50;30;9;0;42;10;1;1477;0;4;C241T,C1912T,A2832G,T5386G,G8393A,C10029T,C10449A,A11537G,T13195C,C14408T,C15240T,A18163G,C21762T,C21846T,G22578A,T22673C,C22674T,T22679C,C22686T,G22813T,T22882G,G22898A,G22992A,C22995A,A23013C,A23040G,G23048A,A23055G,A23063T,T23075C,C23202A,A23403G,C23525T,C23854A,G23948T,C24130A,A24424T,T24469A,C24503T,C25000T,C25584T,C26270T,A26530G,C26577G,G26709A,A27259C,C27807T,G28881A,G28882A,G28883C;6513-6515,11285-11293,21765-21770,21987-21995,22194-22196;22204:GAGCCAGAA;;;C1912T;0;0;1;1;;E:T9I,M:D3G,M:Q19E,M:A63T,N:R203K,N:G204R,ORF1a:K856R,ORF1a:L2084I,ORF1a:A2710T,ORF1a:T3255I,ORF1a:P3395H,ORF1a:I3758V,ORF1b:P314L,ORF1b:I1566V,S:A67V,S:T95I,S:Y145D,S:L212I,S:G339D,S:S371L,S:S373P,S:S375F,S:K417N,S:N440K,S:G446S,S:S477N,S:T478K,S:E484A,S:Q493R,S:G496S,S:Q498R,S:N501Y,S:Y505H,S:T547K,S:D614G,S:H655Y,S:N764K,S:D796Y,S:N856K,S:Q954H,S:N969K,S:L981F;ORF1a:S2083-,ORF1a:L3674-,ORF1a:S3675-,ORF1a:G3676-,S:H69-,S:V70-,S:G142-,S:V143-,S:Y144-,S:N211-;S:214:EPE;1-54,2971-3166,10141-10370,23599,23604,23610-23642,27873-28699,29769-29903;;"Charité_E_F:C26270T,ChinaCDC_N_F:G28881A;G28882A;G28883C";89373;0;29903;0.9506069625121224;3000;43.592593;mediocre;1477;10;0;good;0;24;-7;0;good;1;;0;good;0;;0;;0;0;good;;0;0;good;false;;;
22COV-RDC-281;21K (Omicron);BA.1.17.2;BA.1.17.2;21K;Omicron;21K (Omicron);7.032318;good;55;30;9;0;46;10;1;1016;0;4;C241T,A2832G,C3037T,T5386G,G5924A,G8393A,C10029T,C10449A,A11537G,T13195C,C14408T,C15240T,A18163G,T18471C,C21762T,C21846T,G22578A,T22673C,C22674T,T22679C,C22686T,G22813T,T22882G,G22898A,G22992A,C22995A,A23013C,A23040G,G23048A,A23055G,A23063T,T23075C,C23202A,A23403G,C23525T,T23599G,C23604A,C23664T,C23854A,G23948T,C24130A,A24424T,T24469A,C24503T,C25000T,C25584T,C26270T,A26530G,C26577G,G26709A,A27259C,C27807T,G28881A,G28882A,G28883C;6513-6515,11285-11293,21765-21770,21987-21995,22194-22196;22204:GAGCCAGAA;;;T18471C;0;0;1;1;;E:T9I,M:D3G,M:Q19E,M:A63T,N:R203K,N:G204R,ORF1a:K856R,ORF1a:V1887I,ORF1a:L2084I,ORF1a:A2710T,ORF1a:T3255I,ORF1a:P3395H,ORF1a:I3758V,ORF1b:P314L,ORF1b:I1566V,S:A67V,S:T95I,S:Y145D,S:L212I,S:G339D,S:S371L,S:S373P,S:S375F,S:K417N,S:N440K,S:G446S,S:S477N,S:T478K,S:E484A,S:Q493R,S:G496S,S:Q498R,S:N501Y,S:Y505H,S:T547K,S:D614G,S:H655Y,S:N679K,S:P681H,S:A701V,S:N764K,S:D796Y,S:N856K,S:Q954H,S:N969K,S:L981F;ORF1a:S2083-,ORF1a:L3674-,ORF1a:S3675-,ORF1a:G3676-,S:H69-,S:V70-,S:G142-,S:V143-,S:Y144-,S:N211-;S:214:EPE;1-54,27873-28699,29769-29903;;"Charité_E_F:C26270T,ChinaCDC_N_F:G28881A;G28882A;G28883C";89353;0;29903;0.9660234759054276;3000;26.518519;good;1016;10;0;good;0;24;-7;0;good;1;;0;good;0;;0;;0;0;good;;0;0;good;false;;;
22COV-RDC-301;21K (Omicron);BA.1;BA.1;21K;Omicron;21K (Omicron);7.032318;good;52;30;9;0;44;10;1;1016;0;4;C241T,A2832G,C3037T,T5386G,G8393A,C10029T,C10449A,A11537G,T13195C,C14408T,C15240T,A18163G,C21762T,C21846T,G22578A,T22673C,C22674T,T22679C,C22686T,G22813T,T22882G,G22898A,G22992A,C22995A,A23013C,A23040G,G23048A,A23055G,A23063T,T23075C,C23202A,A23403G,C23525T,T23599G,C23604A,C23854A,G23948T,C24130A,A24424T,T24469A,C24503T,C25000T,C25584T,C26270T,A26530G,C26577G,G26709A,A27259C,C27807T,G28881A,G28882A,G28883C;6513-6515,11285-11293,21765-21770,21987-21995,22194-22196;22204:GAGCCAGAA;;;;0;0;0;0;;E:T9I,M:D3G,M:Q19E,M:A63T,N:R203K,N:G204R,ORF1a:K856R,ORF1a:L2084I,ORF1a:A2710T,ORF1a:T3255I,ORF1a:P3395H,ORF1a:I3758V,ORF1b:P314L,ORF1b:I1566V,S:A67V,S:T95I,S:Y145D,S:L212I,S:G339D,S:S371L,S:S373P,S:S375F,S:K417N,S:N440K,S:G446S,S:S477N,S:T478K,S:E484A,S:Q493R,S:G496S,S:Q498R,S:N501Y,S:Y505H,S:T547K,S:D614G,S:H655Y,S:N679K,S:P681H,S:N764K,S:D796Y,S:N856K,S:Q954H,S:N969K,S:L981F;ORF1a:S2083-,ORF1a:L3674-,ORF1a:S3675-,ORF1a:G3676-,S:H69-,S:V70-,S:G142-,S:V143-,S:Y144-,S:N211-;S:214:EPE;1-54,27873-28699,29769-29903;;"Charité_E_F:C26270T,ChinaCDC_N_F:G28881A;G28882A;G28883C";89365;0;29903;0.9660234759054276;3000;26.518519;good;1016;10;0;good;0;24;-8;0;good;0;;0;good;0;;0;;0;0;good;;0;0;good;false;;;
22COV-RDC-348;21K (Omicron);BA.1;BA.1;21K;Omicron;21K (Omicron);26.901975;good;49;30;9;0;41;10;1;1527;0;4;C241T,A2832G,T5386G,G8393A,C10029T,C10449A,A11537G,T13195C,C14408T,C15240T,A18163G,C21762T,C21846T,T21937C,G22578A,T22673C,C22674T,T22679C,C22686T,G22813T,T22882G,G22898A,G22992A,C22995A,A23013C,A23040G,G23048A,A23055G,A23063T,T23075C,C23202A,A23403G,C23525T,C23854A,G23948T,C24130A,A24424T,C25000T,C25584T,C26270T,A26530G,C26577G,G26709A,G26795T,A27259C,C27807T,G28881A,G28882A,G28883C;6513-6515,11285-11293,21765-21770,21987-21995,22194-22196;22204:GAGCCAGAA;G23599T,A23604C;;T21937C,G26795T;2;0;2;4;;E:T9I,M:D3G,M:Q19E,M:A63T,M:M91I,N:R203K,N:G204R,ORF1a:K856R,ORF1a:L2084I,ORF1a:A2710T,ORF1a:T3255I,ORF1a:P3395H,ORF1a:I3758V,ORF1b:P314L,ORF1b:I1566V,S:A67V,S:T95I,S:Y145D,S:L212I,S:G339D,S:S371L,S:S373P,S:S375F,S:K417N,S:N440K,S:G446S,S:S477N,S:T478K,S:E484A,S:Q493R,S:G496S,S:Q498R,S:N501Y,S:Y505H,S:T547K,S:D614G,S:H655Y,S:N764K,S:D796Y,S:N856K,S:Q954H;ORF1a:S2083-,ORF1a:L3674-,ORF1a:S3675-,ORF1a:G3676-,S:H69-,S:V70-,S:G142-,S:V143-,S:Y144-,S:N211-;S:214:EPE;1-54,2245-2256,3025-3166,23610-23779,24469,24473-24658,27873-28699,29769-29903;;"Charité_E_F:C26270T,ChinaCDC_N_F:G28881A;G28882A;G28883C";89377;0;29903;0.9489348894759724;3000;45.444444;mediocre;1527;10;0;good;0;24;6;25;good;14;;0;good;0;;0;;0;0;good;;0;0;good;false;;;
22COV-RDC-355;21K (Omicron);BA.1;BA.1;21K;Omicron;21K (Omicron);7.032318;good;54;30;9;0;44;10;1;1016;0;4;C241T,A2832G,C3037T,T5386G,G5515T,G8393A,C10029T,C10449A,A11537G,T13195C,C14408T,C15240T,A18163G,C21762T,C21846T,G22578A,T22673C,C22674T,T22679C,C22686T,G22813T,T22882G,G22898A,G22992A,C22995A,A23013C,A23040G,G23048A,A23055G,A23063T,T23075C,C23202A,A23403G,C23525T,T23599G,C23604A,C23854A,G23948T,C24130A,A24424T,T24469A,C24503T,C25000T,C25416T,C25584T,C26270T,A26530G,C26577G,G26709A,A27259C,C27807T,G28881A,G28882A,G28883C;6513-6515,11285-11293,21765-21770,21987-21995,22194-22196;22204:GAGCCAGAA;;C25416T|22C&21L&22D&22F;G5515T;0;1;1;2;;E:T9I,M:D3G,M:Q19E,M:A63T,N:R203K,N:G204R,ORF1a:K856R,ORF1a:L2084I,ORF1a:A2710T,ORF1a:T3255I,ORF1a:P3395H,ORF1a:I3758V,ORF1b:P314L,ORF1b:I1566V,S:A67V,S:T95I,S:Y145D,S:L212I,S:G339D,S:S371L,S:S373P,S:S375F,S:K417N,S:N440K,S:G446S,S:S477N,S:T478K,S:E484A,S:Q493R,S:G496S,S:Q498R,S:N501Y,S:Y505H,S:T547K,S:D614G,S:H655Y,S:N679K,S:P681H,S:N764K,S:D796Y,S:N856K,S:Q954H,S:N969K,S:L981F;ORF1a:S2083-,ORF1a:L3674-,ORF1a:S3675-,ORF1a:G3676-,S:H69-,S:V70-,S:G142-,S:V143-,S:Y144-,S:N211-;S:214:EPE;1-54,27873-28699,29769-29903;;"Charité_E_F:C26270T,ChinaCDC_N_F:G28881A;G28882A;G28883C";89357;0;29903;0.9660234759054276;3000;26.518519;good;1016;10;0;good;0;24;-3;0;good;5;;0;good;0;;0;;0;0;good;;0;0;good;false;;;
22COV-RDC-368;21K (Omicron);BA.1.17.2;BA.1.17.2;21K;Omicron;21K (Omicron);14.581084;good;52;30;9;0;45;10;1;1331;0;4;C241T,A2832G,T5386G,G5924A,G8393A,C10029T,C10449A,A11537G,T13195C,C14408T,C15240T,A18163G,C21762T,C21846T,G22578A,T22673C,C22674T,T22679C,C22686T,G22813T,T22882G,G22898A,G22992A,C22995A,A23013C,A23040G,G23048A,A23055G,A23063T,T23075C,C23202A,A23403G,T23489C,C23525T,C23664T,C23854A,G23948T,C24130A,A24424T,T24469A,C24503T,C25000T,C25584T,C26270T,A26530G,C26577G,G26709A,A27259C,C27807T,G28881A,G28882A,G28883C;6513-6515,11285-11293,21765-21770,21987-21995,22194-22196;22204:GAGCCAGAA;;;T23489C;0;0;1;1;;E:T9I,M:D3G,M:Q19E,M:A63T,N:R203K,N:G204R,ORF1a:K856R,ORF1a:V1887I,ORF1a:L2084I,ORF1a:A2710T,ORF1a:T3255I,ORF1a:P3395H,ORF1a:I3758V,ORF1b:P314L,ORF1b:I1566V,S:A67V,S:T95I,S:Y145D,S:L212I,S:G339D,S:S371L,S:S373P,S:S375F,S:K417N,S:N440K,S:G446S,S:S477N,S:T478K,S:E484A,S:Q493R,S:G496S,S:Q498R,S:N501Y,S:Y505H,S:T547K,S:D614G,S:F643L,S:H655Y,S:A701V,S:N764K,S:D796Y,S:N856K,S:Q954H,S:N969K,S:L981F;ORF1a:S2083-,ORF1a:L3674-,ORF1a:S3675-,ORF1a:G3676-,S:H69-,S:V70-,S:G142-,S:V143-,S:Y144-,S:N211-;S:214:EPE;1-54,2245-2320,2958-3166,23599,23604,23610-23637,27873-28699,29769-29903;;"Charité_E_F:C26270T,ChinaCDC_N_F:G28881A;G28882A;G28883C";89365;0;29903;0.9554894157776812;3000;38.185185;mediocre;1331;10;0;good;0;24;-7;0;good;1;;0;good;0;;0;;0;0;good;;0;0;good;false;;;
22COV-RDC-623;21L (Omicron);BA.2;BA.2;21L;Omicron;21L (Omicron);3.456845;good;68;34;0;1;51;15;0;802;0;5;C241T,T670G,C2790T,C3037T,G4184A,C4321T,C9344T,A9424G,C9534T,C9866T,C10029T,C10198T,G10447A,C10449A,C12880T,C14408T,C15714T,C17410T,A18163G,C19955T,A20055G,C21618T,G21987A,T22200G,G22578A,C22674T,T22679C,C22686T,A22688G,G22775A,A22786C,G22813T,T22882G,G22992A,C22995A,A23013C,A23040G,A23055G,A23063T,T23075C,A23403G,C23525T,T23599G,C23604A,C23854A,G23948T,A24424T,T24469A,C25000T,C25416T,C25584T,C26060T,T26083C,C26270T,C26577G,G26709A,C26858T,A27259C,G27382C,A27383T,T27384C,C27807T,A28271T,C28311T,G28881A,G28882A,G28883C,A29510C;11288-11296,21633-21641,27786-27792,28362-28370;;;;T26083C;0;0;1;1;ORF7b:14-44;E:T9I,M:Q19E,M:A63T,N:P13L,N:R203K,N:G204R,N:S413R,ORF1a:S135R,ORF1a:T842I,ORF1a:G1307S,ORF1a:L3027F,ORF1a:T3090I,ORF1a:L3201F,ORF1a:T3255I,ORF1a:P3395H,ORF1b:P314L,ORF1b:R1315C,ORF1b:I1566V,ORF1b:T2163I,ORF3a:T223I,ORF3a:F231L,ORF6:D61L,ORF9b:P10S,S:T19I,S:A27S,S:G142D,S:V213G,S:G339D,S:S371F,S:S373P,S:S375F,S:T376A,S:D405N,S:R408S,S:K417N,S:N440K,S:S477N,S:T478K,S:E484A,S:Q493R,S:Q498R,S:N501Y,S:Y505H,S:D614G,S:H655Y,S:N679K,S:P681H,S:N764K,S:D796Y,S:Q954H,S:N969K;N:E31-,N:R32-,N:S33-,ORF1a:S3675-,ORF1a:G3676-,ORF1a:F3677-,ORF7b:L11-,ORF7b:C12-,ORF7b:F13-,ORF9b:E27-,ORF9b:N28-,ORF9b:A29-,S:L24-,S:P25-,S:P26-;;1-54,21505-21562,27873-28202,28510-28699,29734-29903;;"Charité_E_F:C26270T,ChinaCDC_N_F:G28881A;G28882A;G28883C,USCDC_N1_P:C28311T";89306;0;29903;0.9731799485001504;3000;18.592593;good;802;10;0;good;0;24;-6;0;good;2;;0;good;0;;0;ORF7b:14-44;1;0;good;;0;0;good;false;;;
22COV-RDC-632;21L (Omicron);BA.2;BA.2;21L;Omicron;21L (Omicron);1.837531;good;70;27;0;0;51;12;0;666;0;5;C241T,T670G,A1573G,C2037T,C2790T,C3037T,G4184A,C4321T,C9344T,A9424G,C9534T,C9866T,C10029T,C10198T,G10447A,C10449A,C12880T,C14408T,C15714T,C17410T,A18163G,C19955T,A20055G,C21618T,G21987A,T22200G,G22578A,C22674T,T22679C,C22686T,A22688G,G22775A,A22786C,G22813T,T22882G,G22992A,C22995A,A23013C,A23040G,A23055G,A23063T,T23075C,A23403G,C23525T,T23599G,C23604A,C23854A,G23948T,A24424T,T24469A,C25000T,C25416T,C25584T,C26060T,C26270T,C26577G,G26709A,C26858T,A27259C,G27382C,A27383T,T27384C,C27807T,A28271T,C28311T,G28798A,G28881A,G28882A,G28883C,A29510C;11288-11296,21633-21641,28362-28370;;;;A1573G,C2037T,G28798A;0;0;3;3;;E:T9I,M:Q19E,M:A63T,N:P13L,N:R203K,N:G204R,N:S413R,ORF1a:S135R,ORF1a:A591V,ORF1a:T842I,ORF1a:G1307S,ORF1a:L3027F,ORF1a:T3090I,ORF1a:L3201F,ORF1a:T3255I,ORF1a:P3395H,ORF1b:P314L,ORF1b:R1315C,ORF1b:I1566V,ORF1b:T2163I,ORF3a:T223I,ORF6:D61L,ORF9b:P10S,S:T19I,S:A27S,S:G142D,S:V213G,S:G339D,S:S371F,S:S373P,S:S375F,S:T376A,S:D405N,S:R408S,S:K417N,S:N440K,S:S477N,S:T478K,S:E484A,S:Q493R,S:Q498R,S:N501Y,S:Y505H,S:D614G,S:H655Y,S:N679K,S:P681H,S:N764K,S:D796Y,S:Q954H,S:N969K;N:E31-,N:R32-,N:S33-,ORF1a:S3675-,ORF1a:G3676-,ORF1a:F3677-,ORF9b:E27-,ORF9b:N28-,ORF9b:A29-,S:L24-,S:P25-,S:P26-;;1-54,20677-20703,21449-21562,27873-27984,28511-28699,29734-29903;;"Charité_E_F:C26270T,ChinaCDC_N_F:G28881A;G28882A;G28883C,USCDC_N1_P:C28311T";89326;0;29903;0.9777279871584792;3000;13.555556;good;666;10;0;good;0;24;-5;0;good;3;;0;good;0;;0;;0;0;good;;0;0;good;false;;;
22COV-RDC-634;22A (Omicron);BA.4;BA.4;22A;Omicron;22A (Omicron);9.794582;good;70;42;0;0;52;17;0;1145;0;8;C241T,T670G,C2790T,C3037T,G4184A,C4321T,C9344T,A9424G,C9534T,C10029T,C10198T,G10447A,C10449A,G12160A,C12880T,C14408T,C15714T,C17145T,C17410T,A18163G,C19955T,A20055G,C21618T,G21987A,T22200G,G22578A,C22674T,T22679C,C22686T,A22688G,G22775A,A22786C,G22813T,T22882G,T22917G,G22992A,C22995A,A23013C,T23018G,A23055G,A23063T,T23075C,A23403G,C23525T,A23535G,C23854A,G23948T,A24424T,T24469A,C25000T,C25584T,C26060T,C26270T,C26577G,G26709A,C26858T,A27259C,G27382C,A27383T,T27384C,G27788T,C27807T,A28271T,C28311T,C28724T,G28881A,G28882A,G28883C,G28979A,A29510C;686-694,11288-11296,21633-21641,21765-21770,28362-28370;;;;C17145T,G28979A;0;0;2;2;;E:T9I,M:Q19E,M:A63T,N:P13L,N:P151S,N:R203K,N:G204R,N:G236S,N:S413R,ORF1a:S135R,ORF1a:T842I,ORF1a:G1307S,ORF1a:L3027F,ORF1a:T3090I,ORF1a:T3255I,ORF1a:P3395H,ORF1b:P314L,ORF1b:R1315C,ORF1b:I1566V,ORF1b:T2163I,ORF3a:T223I,ORF6:D61L,ORF7b:L11F,ORF9b:P10S,S:T19I,S:A27S,S:G142D,S:V213G,S:G339D,S:S371F,S:S373P,S:S375F,S:T376A,S:D405N,S:R408S,S:K417N,S:N440K,S:L452R,S:S477N,S:T478K,S:E484A,S:F486V,S:Q498R,S:N501Y,S:Y505H,S:D614G,S:H655Y,S:N658S,S:N764K,S:D796Y,S:Q954H,S:N969K;N:E31-,N:R32-,N:S33-,ORF1a:K141-,ORF1a:S142-,ORF1a:F143-,ORF1a:S3675-,ORF1a:G3676-,ORF1a:F3677-,ORF9b:E27-,ORF9b:N28-,ORF9b:A29-,S:L24-,S:P25-,S:P26-,S:H69-,S:V70-;;1-54,20677-20740,21342-21562,23599,23604,23610-23762,27873-28164,28511-28699,29734-29903;;"Charité_E_F:C26270T,Charité_N_F:C28724T,ChinaCDC_N_F:G28881A;G28882A;G28883C,ChinaCDC_N_R:G28979A,USCDC_N1_P:C28311T,USCDC_N3_P:C28724T";89266;0;29903;0.96170952747216;3000;31.296296;mediocre;1145;10;0;good;0;24;-6;0;good;2;;0;good;0;;0;;0;0;good;;0;0;good;false;;;
22COV-RDC-635;21L (Omicron);BA.2;BA.2;21L;Omicron;21L (Omicron);8.889232;good;71;39;0;0;52;16;0;1105;0;5;C241T,T670G,A708G,C1480T,C2790T,C3037T,G4184A,C4321T,C9344T,A9424G,C9534T,C9866T,C10029T,C10198T,G10447A,C10449A,C12880T,C14408T,C15714T,C17410T,A18163G,C19955T,A20055G,C21618T,G21987A,T22200G,G22578A,C22674T,T22679C,C22686T,A22688G,G22775A,A22786C,G22813T,T22882G,G22992A,C22995A,A23013C,A23040G,A23055G,A23063T,T23075C,G23383A,A23403G,C23525T,T23599G,C23604A,C23854A,G23948T,A24424T,T24469A,C25000T,C25416T,C25584T,C26060T,T26083C,C26270T,C26577G,G26709A,C26858T,A27259C,G27382C,A27383T,T27384C,C27807T,A28271T,C28311T,G28881A,G28882A,G28883C,A29510C;11288-11296,21633-21641,26158-26169,28362-28370;;;;A708G,C1480T,G23383A,T26083C;0;0;4;4;;E:T9I,M:Q19E,M:A63T,N:P13L,N:R203K,N:G204R,N:S413R,ORF1a:S135R,ORF1a:E148G,ORF1a:T842I,ORF1a:G1307S,ORF1a:L3027F,ORF1a:T3090I,ORF1a:L3201F,ORF1a:T3255I,ORF1a:P3395H,ORF1b:P314L,ORF1b:R1315C,ORF1b:I1566V,ORF1b:T2163I,ORF3a:T223I,ORF3a:F231L,ORF6:D61L,ORF9b:P10S,S:T19I,S:A27S,S:G142D,S:V213G,S:G339D,S:S371F,S:S373P,S:S375F,S:T376A,S:D405N,S:R408S,S:K417N,S:N440K,S:S477N,S:T478K,S:E484A,S:Q493R,S:Q498R,S:N501Y,S:Y505H,S:D614G,S:H655Y,S:N679K,S:P681H,S:N764K,S:D796Y,S:Q954H,S:N969K;N:E31-,N:R32-,N:S33-,ORF1a:S3675-,ORF1a:G3676-,ORF1a:F3677-,ORF3a:V255-,ORF3a:V256-,ORF3a:N257-,ORF3a:P258-,ORF9b:E27-,ORF9b:N28-,ORF9b:A29-,S:L24-,S:P25-,S:P26-;;1-54,20677-21562,27873-27902,29769-29903;;"Charité_E_F:C26270T,ChinaCDC_N_F:G28881A;G28882A;G28883C,USCDC_N1_P:C28311T";89279;0;29903;0.9630471859010802;3000;29.814815;good;1105;10;0;good;0;24;-3;0;good;5;;0;good;0;;0;;0;0;good;;0;0;good;false;;;
22COV-RDC-640;21L (Omicron);BA.2;BA.2;21L;Omicron;21L (Omicron);0.040000;good;70;27;0;0;51;12;0;354;0;6;C241T,T670G,C2790T,C3037T,G4184A,C4321T,C9344T,A9424G,C9534T,C9866T,C10029T,C10198T,G10447A,C10449A,C12880T,C14408T,C15714T,C17410T,A18163G,C19955T,A20055G,C21618T,G21987A,T22200G,G22578A,C22674T,T22679C,C22686T,A22688G,G22775A,A22786C,G22813T,T22882G,G22992A,C22995A,A23013C,A23040G,A23055G,A23063T,T23075C,A23403G,C23525T,T23599G,C23604A,C23854A,G23948T,A24424T,T24469A,C25000T,C25416T,C25584T,C26060T,T26083C,C26270T,C26577G,G26709A,C26858T,A27259C,G27382C,A27383T,T27384C,C27807T,A28271T,C28311T,C28657T,C28744T,G28881A,G28882A,G28883C,A29510C;11288-11296,21633-21641,28362-28370;;;C28657T|19B;T26083C,C28744T;0;1;2;3;;E:T9I,M:Q19E,M:A63T,N:P13L,N:R203K,N:G204R,N:S413R,ORF1a:S135R,ORF1a:T842I,ORF1a:G1307S,ORF1a:L3027F,ORF1a:T3090I,ORF1a:L3201F,ORF1a:T3255I,ORF1a:P3395H,ORF1b:P314L,ORF1b:R1315C,ORF1b:I1566V,ORF1b:T2163I,ORF3a:T223I,ORF3a:F231L,ORF6:D61L,ORF9b:P10S,S:T19I,S:A27S,S:G142D,S:V213G,S:G339D,S:S371F,S:S373P,S:S375F,S:T376A,S:D405N,S:R408S,S:K417N,S:N440K,S:S477N,S:T478K,S:E484A,S:Q493R,S:Q498R,S:N501Y,S:Y505H,S:D614G,S:H655Y,S:N679K,S:P681H,S:N764K,S:D796Y,S:Q954H,S:N969K;N:E31-,N:R32-,N:S33-,ORF1a:S3675-,ORF1a:G3676-,ORF1a:F3677-,ORF9b:E27-,ORF9b:N28-,ORF9b:A29-,S:L24-,S:P25-,S:P26-;;1-54,20677-20830,21552-21562,29769-29903;;"Charité_E_F:C26270T,ChinaCDC_N_F:G28881A;G28882A;G28883C,USCDC_N1_P:C28311T,USCDC_N3_R:C28744T";89326;0;29903;0.9881617229040563;3000;2;good;354;10;0;good;0;24;-2;0;good;6;;0;good;0;;0;;0;0;good;;0;0;good;false;;;
22COV-RDC-650;22A (Omicron);BA.4.1;BA.4.1;22A;Omicron;22A (Omicron);3.347545;good;70;42;0;0;53;17;0;794;0;7;C241T,T670G,C2790T,C3037T,G4184A,C4321T,C9344T,A9424G,C9534T,C10029T,C10198T,G10447A,C10449A,G12160A,C12880T,C14408T,C15714T,C17410T,A18163G,C19955T,A20055G,T21570G,C21618T,G21987A,T22200G,G22578A,C22674T,T22679C,C22686T,A22688G,G22775A,A22786C,G22813T,T22882G,T22917G,G22992A,C22995A,A23013C,T23018G,A23055G,A23063T,T23075C,A23403G,C23525T,T23599G,C23604A,C23854A,G23948T,A24424T,T24469A,C25000T,C25584T,C26060T,C26270T,C26577G,G26709A,C26858T,A27259C,G27382C,A27383T,T27384C,G27788T,C27807T,A28271T,C28311T,C28724T,G28881A,G28882A,G28883C,A29510C;686-694,11288-11296,21633-21641,21765-21770,28362-28370;;;;;0;0;0;0;;E:T9I,M:Q19E,M:A63T,N:P13L,N:P151S,N:R203K,N:G204R,N:S413R,ORF1a:S135R,ORF1a:T842I,ORF1a:G1307S,ORF1a:L3027F,ORF1a:T3090I,ORF1a:T3255I,ORF1a:P3395H,ORF1b:P314L,ORF1b:R1315C,ORF1b:I1566V,ORF1b:T2163I,ORF3a:T223I,ORF6:D61L,ORF7b:L11F,ORF9b:P10S,S:V3G,S:T19I,S:A27S,S:G142D,S:V213G,S:G339D,S:S371F,S:S373P,S:S375F,S:T376A,S:D405N,S:R408S,S:K417N,S:N440K,S:L452R,S:S477N,S:T478K,S:E484A,S:F486V,S:Q498R,S:N501Y,S:Y505H,S:D614G,S:H655Y,S:N679K,S:P681H,S:N764K,S:D796Y,S:Q954H,S:N969K;N:E31-,N:R32-,N:S33-,ORF1a:K141-,ORF1a:S142-,ORF1a:F143-,ORF1a:S3675-,ORF1a:G3676-,ORF1a:F3677-,ORF9b:E27-,ORF9b:N28-,ORF9b:A29-,S:L24-,S:P25-,S:P26-,S:H69-,S:V70-;;1-54,20677-20937,21219-21562,29769-29903;;"Charité_E_F:C26270T,Charité_N_F:C28724T,ChinaCDC_N_F:G28881A;G28882A;G28883C,USCDC_N1_P:C28311T,USCDC_N3_P:C28724T";89266;0;29903;0.9734474801859344;3000;18.296296;good;794;10;0;good;0;24;-8;0;good;0;;0;good;0;;0;;0;0;good;;0;0;good;false;;;
22COV-RDC-67;20A;B.1.640.1;B.1.640.1;20A;unassigned;20A;18.887246;good;49;0;0;0;31;0;0;1468;0;1;C241T,C601T,C1191T,A1620G,C2416T,C2455T,C3037T,C4999T,G6622T,C7011T,G7328T,C9711T,G9756A,C10029T,T11418C,C11956T,C14408T,A15426G,C16575T,C16869T,G19846A,C20283T,C21588T,T21842G,G21848C,G22132T,T22191C,A22600C,A22743G,T22907A,T23030C,T23031G,A23063T,A23403G,C23604A,C24138A,G24368C,C25487T,G25563T,T25969C,A26492T,T26767C,C27513T,C27807T,C28887T,A29020G,T29377C,G29405C,C29627T;;;;;C4999T,C7011T,G7328T,A15426G,G19846A,T21842G,T25969C,A29020G,C29627T;0;0;9;9;;M:I82T,N:T205I,N:E378Q,ORF1a:P309L,ORF1a:E452G,ORF1a:L2119F,ORF1a:A2249V,ORF1a:A2355S,ORF1a:S3149F,ORF1a:R3164H,ORF1a:T3255I,ORF1a:V3718A,ORF1b:P314L,ORF1b:G2127S,ORF3a:T32I,ORF3a:Q57H,ORF3a:W193R,S:P9L,S:S94A,S:E96Q,S:R190S,S:I210T,S:R346S,S:N394S,S:Y449N,S:F490R,S:N501Y,S:D614G,S:P681H,S:T859N,S:D936H;;;1-54,1013-1128,21621-21689,22302-22537,27873-28699,29738-29903;;ChinaCDC_N_F:C28887T;89513;0;29903;0.9509079356586296;3000;43.259259;mediocre;1468;10;0;good;0;24;1;4.166667;good;9;;0;good;0;;0;;0;0;good;;0;0;good;false;;;
22COV-RDC-818;22A (Omicron);BA.4;BA.4;22A;Omicron;22A (Omicron);29.040123;good;69;42;0;0;51;17;0;1755;0;8;C241T,T670G,C2790T,C3037T,G4184A,C9344T,A9424G,C9534T,C10029T,C10198T,G10447A,C10449A,G12160A,C12880T,C14408T,C15714T,C17410T,A18163G,T19350C,C19955T,A20055G,C21618T,G21987A,T22200G,G22578A,C22674T,T22679C,C22686T,A22688G,G22775A,A22786C,G22813T,T22882G,T22917G,G22992A,C22995A,A23013C,T23018G,A23055G,A23063T,T23075C,A23403G,C23525T,C23854A,G23948T,A24424T,T24469A,C25000T,C25584T,C26060T,C26270T,C26577G,G26709A,C26858T,A27259C,G27382C,A27383T,T27384C,G27788T,C27807T,A28271T,C28311T,C28724T,G28881A,G28882A,G28883C,G28884T,G28916A,A29510C;686-694,11288-11296,21633-21641,21765-21770,28362-28370;;;;T19350C,G28884T,G28916A;0;0;3;3;;E:T9I,M:Q19E,M:A63T,N:P13L,N:P151S,N:R203K,N:G204L,N:G215S,N:S413R,ORF1a:S135R,ORF1a:T842I,ORF1a:G1307S,ORF1a:L3027F,ORF1a:T3090I,ORF1a:T3255I,ORF1a:P3395H,ORF1b:P314L,ORF1b:R1315C,ORF1b:I1566V,ORF1b:T2163I,ORF3a:T223I,ORF6:D61L,ORF7b:L11F,ORF9b:P10S,S:T19I,S:A27S,S:G142D,S:V213G,S:G339D,S:S371F,S:S373P,S:S375F,S:T376A,S:D405N,S:R408S,S:K417N,S:N440K,S:L452R,S:S477N,S:T478K,S:E484A,S:F486V,S:Q498R,S:N501Y,S:Y505H,S:D614G,S:H655Y,S:N764K,S:D796Y,S:Q954H,S:N969K;N:E31-,N:R32-,N:S33-,ORF1a:K141-,ORF1a:S142-,ORF1a:F143-,ORF1a:S3675-,ORF1a:G3676-,ORF1a:F3677-,ORF9b:E27-,ORF9b:N28-,ORF9b:A29-,S:L24-,S:P25-,S:P26-,S:H69-,S:V70-;;1-54,771-1128,4241-4326,10261-10370,20677-21571,22532-22537,23599,23604,23610-23631,27873-27959,29769-29903;;"Charité_E_F:C26270T,Charité_N_F:C28724T,ChinaCDC_N_F:G28881A;G28882A;G28883C;G28884T,USCDC_N1_P:C28311T,USCDC_N3_P:C28724T";89270;0;29903;0.9413102364311272;3000;53.888889;mediocre;1755;10;0;good;0;24;-5;0;good;3;;0;good;0;;0;;0;0;good;;0;0;good;false;;;
22COV-RDC-903;22A (Omicron);BA.4.1;BA.4.1;22A;Omicron;22A (Omicron);24.778272;good;68;33;0;0;51;11;0;1644;0;6;C241T,T670G,C2790T,C3037T,G4184A,C4321T,C9344T,A9424G,C9534T,C10029T,C10198T,G10447A,C10449A,G12160A,C12880T,C14408T,C15714T,C17410T,A18163G,C19955T,A20055G,T21570G,C21618T,G21987A,T22200G,G22578A,C22674T,T22679C,C22686T,A22688G,G22775A,A22786C,G22813T,T22882G,T22917G,G22992A,C22995A,A23013C,T23018G,A23055G,A23063T,T23075C,A23403G,C23525T,T23599G,C23604A,C23854A,G23948T,A24424T,T24469A,C25000T,C25584T,C26060T,C26270T,C26577G,G26709A,C26858T,A27259C,G27382C,A27383T,T27384C,G27788T,C27807T,C28724T,G28881A,G28882A,G28883C,A29510C;686-694,11288-11296,21633-21641,21765-21770;;;;;0;0;0;0;;E:T9I,M:Q19E,M:A63T,N:P151S,N:R203K,N:G204R,N:S413R,ORF1a:S135R,ORF1a:T842I,ORF1a:G1307S,ORF1a:L3027F,ORF1a:T3090I,ORF1a:T3255I,ORF1a:P3395H,ORF1b:P314L,ORF1b:R1315C,ORF1b:I1566V,ORF1b:T2163I,ORF3a:T223I,ORF6:D61L,ORF7b:L11F,S:V3G,S:T19I,S:A27S,S:G142D,S:V213G,S:G339D,S:S371F,S:S373P,S:S375F,S:T376A,S:D405N,S:R408S,S:K417N,S:N440K,S:L452R,S:S477N,S:T478K,S:E484A,S:F486V,S:Q498R,S:N501Y,S:Y505H,S:D614G,S:H655Y,S:N679K,S:P681H,S:N764K,S:D796Y,S:Q954H,S:N969K;ORF1a:K141-,ORF1a:S142-,ORF1a:F143-,ORF1a:S3675-,ORF1a:G3676-,ORF1a:F3677-,S:L24-,S:P25-,S:P26-,S:H69-,S:V70-;;1-54,20677-20937,21231-21562,27873-28699,29734-29903;;"Charité_E_F:C26270T,Charité_N_F:C28724T,ChinaCDC_N_F:G28881A;G28882A;G28883C,USCDC_N3_P:C28724T";89308;0;29903;0.9450222385713808;3000;49.777778;mediocre;1644;10;0;good;0;24;-8;0;good;0;;0;good;0;;0;;0;0;good;;0;0;good;false;;;
22COV-RDC-912;22A (Omicron);BA.4.1;BA.4.1;22A;Omicron;22A (Omicron);21.812359;good;69;33;0;0;51;11;0;1561;0;6;C241T,T670G,C2790T,C3037T,G4184A,C4321T,C9344T,A9424G,C9534T,C10029T,C10198T,G10447A,C10449A,G12160A,C12880T,C14408T,C15714T,C15738T,C17410T,A18163G,C19955T,A20055G,T21570G,C21618T,G21987A,T22200G,G22578A,C22674T,T22679C,C22686T,A22688G,G22775A,A22786C,G22813T,T22882G,T22917G,G22992A,C22995A,A23013C,T23018G,A23055G,A23063T,T23075C,A23403G,C23525T,T23599G,C23604A,C23854A,G23948T,A24424T,T24469A,C25000T,C25584T,C26060T,C26270T,C26577G,G26709A,C26858T,A27259C,G27382C,A27383T,T27384C,G27788T,C27807T,C28724T,G28881A,G28882A,G28883C,A29510C;686-694,11288-11296,21633-21641,21765-21770;;;C15738T|22F;;0;1;0;1;;E:T9I,M:Q19E,M:A63T,N:P151S,N:R203K,N:G204R,N:S413R,ORF1a:S135R,ORF1a:T842I,ORF1a:G1307S,ORF1a:L3027F,ORF1a:T3090I,ORF1a:T3255I,ORF1a:P3395H,ORF1b:P314L,ORF1b:R1315C,ORF1b:I1566V,ORF1b:T2163I,ORF3a:T223I,ORF6:D61L,ORF7b:L11F,S:V3G,S:T19I,S:A27S,S:G142D,S:V213G,S:G339D,S:S371F,S:S373P,S:S375F,S:T376A,S:D405N,S:R408S,S:K417N,S:N440K,S:L452R,S:S477N,S:T478K,S:E484A,S:F486V,S:Q498R,S:N501Y,S:Y505H,S:D614G,S:H655Y,S:N679K,S:P681H,S:N764K,S:D796Y,S:Q954H,S:N969K;ORF1a:K141-,ORF1a:S142-,ORF1a:F143-,ORF1a:S3675-,ORF1a:G3676-,ORF1a:F3677-,S:L24-,S:P25-,S:P26-,S:H69-,S:V70-;;1-54,20677-20843,21220-21562,27873-28699,29734-29903;;"Charité_E_F:C26270T,Charité_N_F:C28724T,ChinaCDC_N_F:G28881A;G28882A;G28883C,USCDC_N3_P:C28724T";89304;0;29903;0.9477978798113902;3000;46.703704;mediocre;1561;10;0;good;0;24;-4;0;good;4;;0;good;0;;0;;0;0;good;;0;0;good;false;;;
